{
  "posts": [
    {
      "id": 1,
      "title": "json-server",
      "author": "typicode"
    }
  ],
  "user": [
    {
      "name": "sandeep",
      "email": "sandeep123@gmail.com",
      "mobile": "123456789",
      "password": "23456789",
      "id": 1
    },
    {
      "name": "Rajeshwari",
      "email": "bodarajeshwari9@gmail.com",
      "mobile": "7680901543",
      "password": "12345678",
      "id": 2
    }
  ],
  "admins": [
    {
      "name": "Rajeshwari",
      "email": "bodarajeshwari09@gmail.com",
      "mobile": "7680901543",
      "password": "12345678",
      "id": 2
    }
  ],
  "dashboard": [
    {
      "fullname": "",
      "mobile": "",
      "type": "",
      "location": "",
      "date": "",
      "id": 1
    }
  ],
  "contact": [],
  "comments": [
    {
      "id": 1,
      "body": "some comment",
      "postId": 1
    }
  ],
  "profile": {
    "name": "typicode"
  }
}